﻿Name,Assign,Date,Status
Report,,"October 15, 2021 → December 1, 2021",
,,,
1. Introduction,,"October 15, 2021 → October 29, 2021",
1.1 SSI Background,,"October 15, 2021",
1.2 SSI Public awareness,,"October 15, 2021 → October 29, 2021",
1.3 SSI standards,,"October 15, 2021",
1.4 SSI applications,,"October 15, 2021",
1.5 Project Team,,"October 15, 2021",
1.6 Project description,,"October 15, 2021 → October 15, 2021",
1.7 Project Scope,,"October 15, 2021",
1.8 Proof-of-concept,,"October 15, 2021",
1.9 Chapters,,"October 15, 2021 → October 15, 2021",
,,,
2. Development Process,,"October 15, 2021 → October 29, 2021",
2.1 Kanban,,"October 15, 2021",
2.2 Github,,"October 15, 2021",
2.3 Weekly meetings,,"October 15, 2021",
2.4 Communities,,"October 15, 2021 → October 29, 2021",
2.5 Toggl time tracking,,"October 15, 2021",
,,,
3. Functional Requirements,,"October 25, 2021",
3.1. Functional Requirement Layers,,"October 25, 2021",
3.2. BDD-style Requirements,,"October 25, 2021",
3.3 Requirements Layer 1 - DID,,"October 25, 2021",
3.4 Requirements Layer 2 - DIDComm,,"October 25, 2021",
3.5 Requirements Layer 3 - Verifiable Credentials,,"October 25, 2021",
3.6 Requirements Layer 4 - Application,,"October 25, 2021",
,,,
4. User interface,,"October 25, 2021 → October 29, 2021",
4.1 Unix Inspiration,,"October 25, 2021",
4.2 List of Commands,,"October 25, 2021",
4.3 Intentional limitations of the CLI,,"October 25, 2021 → October 29, 2021",
,,,
5. Architecture,,"October 26, 2021 → November 5, 2021",
5.1. Overview,,"October 26, 2021",
5.2 Components,,"October 26, 2021 → November 5, 2021",
5.3 External libraries,,"November 5, 2021",
5.4 Sequence diagram,,"November 5, 2021",
"5.5  Build, run, install",,"November 5, 2021",
,,,
6. Results,,"November 5, 2021 → November 12, 2021",
6.1 We are open-source on Github,,"November 5, 2021 → November 12, 2021",
6.2 We demonstrated a solution to our scenario,,"November 5, 2021 → November 12, 2021",
6.3 A project-member was hired by a SSI company,,"November 5, 2021 → November 12, 2021",
,,,
7. Discussion,,"November 5, 2021 → November 12, 2021",
7.1 The Path to Self-Sovereign Identity,,"November 5, 2021 → November 12, 2021",
7.2 But what if I loose my wallet?,,"November 5, 2021 → November 12, 2021",
7.3 Interoperability worries,,"November 12, 2021 → November 19, 2021",
7.4 Incumbents at risk,,"November 19, 2021 → November 26, 2021",
,,,
8. Conclusion,,"November 19, 2021 → November 26, 2021",
8.1 Summary,,"November 19, 2021 → November 26, 2021",
8.2 Future work,,"November 19, 2021 → November 26, 2021",
,,,
Print draft,,"November 12, 2021 → November 15, 2021",
Deiver draft,,"November 15, 2021",
Deliver final version of report,,"November 29, 2021 → December 1, 2021",